Train_RMSE,Test_RMSE,Train_MAE,Test_MAE,Train_R2,Test_R2,Model,BestParams,Seed
0.9730327051604605,3.618134532195876,0.7180068010477084,2.3143769625231805,0.9973365765198089,0.9652671055156994,RandomForest,"{'max_depth': 10, 'min_samples_leaf': 1, 'min_samples_split': 3, 'n_estimators': 443}",42
1.6225719442258322,3.094639903476755,1.4409618570392766,2.271324052562198,0.9925938368799938,0.9745907528698345,AdaBoost,"{'learning_rate': 1.0, 'n_estimators': 239}",42
0.25492737265055115,3.2873223059013563,0.19366997771210692,1.9174836237290327,0.9998171822799453,0.9713281227918449,XGBoost,"{'gamma': 0.1, 'learning_rate': 0.1, 'max_depth': 3, 'n_estimators': 189, 'reg_alpha': 0, 'reg_lambda': 1}",42
